{"entities":{"pages":{"Overview":{"id":"Overview","title":"Authentication","url":"overview.html","level":0,"tabIndex":0},"Sandbox":{"id":"Sandbox","title":"Sandbox","url":"sandbox.html","level":0,"tabIndex":1},"Pagination":{"id":"Pagination","title":"Pagination","url":"pagination.html","level":0,"tabIndex":2},"Balance":{"id":"Balance","title":"Balance","url":"balance.html","level":0,"tabIndex":3},"Section-Starting-Page":{"id":"Section-Starting-Page","title":"Gift cards","url":"section-starting-page.html","level":0,"pages":["Gift-card-object","Sending-a-gift-card","Listing-gift-cards","Get-gift-card"],"tabIndex":4},"Gift-card-object":{"id":"Gift-card-object","title":"Gift card object","url":"gift-card-object.html","level":1,"parentId":"Section-Starting-Page","tabIndex":0},"Sending-a-gift-card":{"id":"Sending-a-gift-card","title":"Purchase a gift card","url":"sending-a-gift-card.html","level":1,"parentId":"Section-Starting-Page","tabIndex":1},"Listing-gift-cards":{"id":"Listing-gift-cards","title":"Listing gift cards","url":"listing-gift-cards.html","level":1,"parentId":"Section-Starting-Page","tabIndex":2},"Get-gift-card":{"id":"Get-gift-card","title":"Get gift card","url":"get-gift-card.html","level":1,"parentId":"Section-Starting-Page","tabIndex":3}}},"topLevelIds":["Overview","Sandbox","Pagination","Balance","Section-Starting-Page"]}