{"title":"Gift cards","subtitle":"Buy and send gift cards","tips":[{"title":"Buying gift cards","description":"Get a gift card url you can can use directly","type":"container"},{"title":"Sending gift cards","description":"Send a gift card directly to a recipient via email or SMS","url":"sending-a-gift-card.html","type":"container"}],"main":{"title":"","data":[]},"highlighted":{"title":"","data":[]},"prevNextLinks":{"prevPageTitle":"Balance","nextPageUrl":"gift-card-object.html","nextPageTitle":"Gift card object","prevPageUrl":"balance.html"}}